2.125046736377355572e+01,1.276328243447587996e+00
2.117861670565850574e+01,1.265925347664349720e+00
2.117187429819491484e+01,1.264916316285742859e+00
1.817168221794747751e+01,8.436113177462534196e-01
1.939465865301863090e+01,1.010156020176518066e+00
2.134475235677499683e+01,1.289944537435352201e+00
1.539761142924240822e+01,4.921001629411726475e-01
2.143402927926506862e+01,1.303265650281066446e+00
2.006299369740822058e+01,1.099525114376390666e+00
1.978182382843011311e+01,1.058967949163849731e+00
1.937868831865693764e+01,9.989809290618438808e-01
2.126773739424028165e+01,1.278842335875178593e+00
2.102528705580665758e+01,1.244445113390867164e+00
2.120083523423741667e+01,1.268509427839881631e+00
1.768850897588782090e+01,7.712882207669143897e-01
2.085774137416390772e+01,1.217635035223769702e+00
2.147027015607436340e+01,1.308496013892604060e+00
2.152139200489203219e+01,1.316029432621237616e+00
2.149398857285934739e+01,1.311945617573359257e+00
1.577801624296098559e+01,5.360772131186823941e-01
1.736446394692286788e+01,7.345501310243344184e-01
1.966281580425776809e+01,1.040182386870582176e+00
1.994845998867399217e+01,1.083036724352728353e+00
1.969623027825959838e+01,1.045178026266315285e+00
1.896618285065372689e+01,9.408930912631954246e-01
1.892157269405168307e+01,9.365435039416605267e-01
1.845341824104731288e+01,8.706425804247913680e-01
2.151489486770550030e+01,1.315110081017522248e+00
1.938018847661646049e+01,1.000875648227743886e+00
2.006157026605900739e+01,1.101887949548733259e+00
1.914299976473459353e+01,9.659047121427358773e-01
1.120650527175159361e+01,2.747853483844231448e-01
1.997946718528641696e+01,1.090457757902805636e+00
1.970286666572104650e+01,1.046007198104238922e+00
1.981416577699970460e+01,1.062668577911074497e+00
1.890520682401123409e+01,9.352506786269638717e-01
1.949832718127239417e+01,1.018432955733375778e+00
2.064925050511164173e+01,1.186794509878084769e+00
2.133449833698847797e+01,1.288621258258719315e+00
2.133425587207191043e+01,1.288568445548073704e+00
2.005389650180740801e+01,1.099367649103049738e+00
1.922312587071536072e+01,9.778338097985278532e-01
1.906492988557346635e+01,9.546656535162753032e-01
2.116682931003196444e+01,1.263382565325713358e+00
1.919383847268615995e+01,9.728268528997872089e-01
2.038213198711281393e+01,1.148425156849552486e+00
1.976892963953635984e+01,1.056176267871128616e+00
1.808960028472158044e+01,8.209211786696098967e-01
2.142678879828568839e+01,1.302000270724155806e+00
2.097633563989443317e+01,1.235252337762153596e+00
4.326620805393151414e+00,-9.548201071644175641e-01
2.122512987848980970e+01,1.272421613933895301e+00
2.139002173921146976e+01,1.296770204311970653e+00
1.795276705000173578e+01,8.038801915756249583e-01
2.154860953002213009e+01,1.320104043651611159e+00
1.789267471802974541e+01,7.962350057714491225e-01
2.090573149136176667e+01,1.224900789033342985e+00
2.155193335528778320e+01,1.320586126456757547e+00
2.107794374791043168e+01,1.250134639127925773e+00
1.883809516758460134e+01,9.235787936807773324e-01
1.935580713495962968e+01,1.001998964095617062e+00
2.061594573987830259e+01,1.183523190617196352e+00
1.953119467081131688e+01,1.020952055807222036e+00
1.902449592155418401e+01,9.501209814009468069e-01
2.135141794468911414e+01,1.291119445872975113e+00
1.953305292203956256e+01,1.024988638645204064e+00
1.867844325599457278e+01,9.044052807358764490e-01
1.872021817479146932e+01,9.073483848558452358e-01
2.153796987638767391e+01,1.318503165225354934e+00
1.943795217776913375e+01,1.013814952063702091e+00
1.774256059651723660e+01,7.762157734192643987e-01
1.897356296480053217e+01,9.505180939454791478e-01
2.132488662231819987e+01,1.286830369798140028e+00
1.838657897052008749e+01,8.627428162949418722e-01
1.930042454631658089e+01,9.884624018206999985e-01
2.152634533930197236e+01,1.316763581090321100e+00
1.922814718401035350e+01,9.793455314538053180e-01
2.127153621801981132e+01,1.279035050705913390e+00
1.903877998320637843e+01,9.513707147472932890e-01
2.153261384784061505e+01,1.317701454641544867e+00
1.886252782209107437e+01,9.270047391799970393e-01
2.142717391080752165e+01,1.302035763220849462e+00
2.148524133495316590e+01,1.310670506276128133e+00
1.804252333656101470e+01,8.144026303234640496e-01
2.060009628290686834e+01,1.180826794247379352e+00
1.795964239781315541e+01,8.102421155510168838e-01
2.143054733701546510e+01,1.302527678864383365e+00
1.908196252870304477e+01,9.607479342783721288e-01
1.787778421651696803e+01,7.930335366283208787e-01
1.853013392969299034e+01,8.820401667716624150e-01
1.847058898292390694e+01,8.734354903848620122e-01
1.536631358718765128e+01,4.940220383956238082e-01
1.954828965843190502e+01,1.023684190679529094e+00
1.849273295957332763e+01,8.776677376667029185e-01
1.942378476925281561e+01,1.007138733883510717e+00
1.823029126410227008e+01,8.420102791165837708e-01
1.822612962954074334e+01,8.395303406184272399e-01
2.148263440085803566e+01,1.310278353809893215e+00
-5.399203336865993741e+00,3.688212284150080983e-02
1.757258903015323881e+01,7.562807477065359718e-01
1.878358651265969215e+01,9.236072315627146256e-01
1.902098712689194215e+01,9.489478836681832785e-01
2.155209156185562591e+01,1.320610845338939132e+00
1.923128341657751506e+01,9.820569627279148728e-01
1.801664582066088371e+01,8.197374866469944177e-01
1.668318561769948971e+01,6.432507026489348023e-01
1.861587846625621623e+01,8.940573555808938311e-01
2.153266623144893899e+01,1.317729558098554188e+00
2.048528882545451779e+01,1.164549491119502678e+00
1.992108046771019048e+01,1.078506029300444036e+00
1.757981771687226669e+01,7.550510188360252117e-01
1.737326151781467232e+01,7.335708399228428878e-01
2.074598849663311739e+01,1.201579698166304944e+00
2.046879483761623675e+01,1.161613529961727398e+00
2.078616855751146986e+01,1.207702797999312683e+00
1.861417793995393311e+01,8.980526421735642861e-01
1.723372148625011846e+01,7.137236596908017594e-01
1.905687448760443203e+01,9.599101098739850624e-01
1.775876904335688877e+01,7.777942477785578790e-01
1.964875541350900789e+01,1.044066730467641868e+00
1.706303693602144378e+01,6.902238815605513667e-01
1.785548824072364482e+01,7.903127841857039426e-01
2.090422105360769223e+01,1.224769468860078980e+00
2.128697942258618880e+01,1.281343282776029380e+00
1.868833114594194100e+01,9.049933447094646866e-01
2.132755191989597421e+01,1.287580873050725883e+00
1.914296842223613382e+01,9.657167868194843630e-01
2.147827742172478693e+01,1.309707551623886079e+00
2.143244787750433389e+01,1.302856423608322878e+00
1.900442920548429981e+01,9.508534504640767659e-01
1.702027451510289069e+01,6.855068331323456166e-01
1.930868710754516471e+01,9.932314063050413644e-01
1.924262411338433765e+01,9.798720917421355203e-01
1.019315649361391785e+01,-1.395064954584279704e-01
1.698016645607313890e+01,6.820270754299525562e-01
2.026739164444478547e+01,1.129956848097213307e+00
2.153192702963273675e+01,1.317617224013176713e+00
1.789997144358351733e+01,7.980095985631531219e-01
1.794448432058247178e+01,8.037428471078664760e-01
1.743609452454303010e+01,7.367010929095740845e-01
2.078942907145094665e+01,1.208401133149296314e+00
1.701919636979960870e+01,6.935376155592100078e-01
1.968616296764921003e+01,1.050991224068164920e+00
1.807390033529391360e+01,8.190545293690528750e-01
2.133272154941791143e+01,1.288362782865197786e+00
1.951669682146668450e+01,1.028007843401953725e+00
4.471802665105800045e+00,-8.837618643198142943e-01
1.514611537159969146e+01,4.622384512283471136e-01
1.665665616327940413e+01,6.399716466931476555e-01
1.701363606872346068e+01,6.841854336157714433e-01
1.652610089571404828e+01,6.266674706661917726e-01
1.711840806154398464e+01,6.980662435850941705e-01
1.779112506255047421e+01,7.829261099485551600e-01
1.967791024862989246e+01,1.043067538334470967e+00
1.570727328233221876e+01,5.294132712564876275e-01
1.767839792406590504e+01,7.797877134561390644e-01
1.662374548435463240e+01,6.407566226734191517e-01
1.278449341303827680e+01,1.827306448895044122e-01
1.859098425264478394e+01,8.921391636600821684e-01
1.796908727360874636e+01,8.057781346127060873e-01
1.680831219229550300e+01,6.612183947897253278e-01
1.793397176722270459e+01,8.006980205020439723e-01
1.622082191100711768e+01,5.928727082164219064e-01
1.731183791582371612e+01,7.214407406967555669e-01
1.613348719320785918e+01,5.796072746164616651e-01
1.755945127145340479e+01,7.526477440703308597e-01
2.128669976014789356e+01,1.281370266031055305e+00
1.738163567345101868e+01,7.305351149751901918e-01
1.777005459323818215e+01,7.805229224328178450e-01
1.805732442679586214e+01,8.167509437248393622e-01
1.938600114233909011e+01,1.000317014776635816e+00
1.534717465185450003e+01,4.849292357581009849e-01
2.022969309778745028e+01,1.126915191417692919e+00
2.132888229976089178e+01,1.287683627969520739e+00
2.154359636257023070e+01,1.319335362402336287e+00
1.826230425840792648e+01,8.442965597600690097e-01
1.667486727868067220e+01,6.428408325752179575e-01
2.093268432988385541e+01,1.228870301321549618e+00
1.558729512983531862e+01,5.136291715665162183e-01
1.706414530156589393e+01,6.972133735832019008e-01
1.828606934147837393e+01,8.471834883036127861e-01
1.943801696121151679e+01,1.009544525221745648e+00
1.791815153607206312e+01,7.986639619256552525e-01
1.945710178750787733e+01,1.018223367031914295e+00
1.208796803654081664e+01,1.077770539529488286e-01
-8.578036137366355618e+00,5.548297884522853884e+00
1.751717630806528803e+01,7.470882106634513242e-01
1.674722872656575134e+01,6.525543837783281953e-01
2.040183439565166879e+01,1.150767981837224507e+00
1.787061763812771176e+01,7.922794055504430721e-01
1.754195050115560406e+01,7.499131330491443093e-01
1.450244014638920120e+01,3.880892285697205013e-01
1.687737467807922442e+01,6.719447246044952804e-01
2.136284251600261541e+01,1.292617351692190164e+00
1.659968685898463647e+01,6.398188627178470478e-01
1.701765837467038622e+01,6.847510091509925179e-01
1.826378706382151407e+01,8.449290017368670247e-01
1.451883967432077149e+01,3.866066235318937894e-01
1.789772014669488698e+01,7.971252309929944824e-01
1.817265899146821440e+01,8.317339043505603824e-01
1.688582910543539128e+01,6.676209809540306628e-01
1.524814714204592292e+01,4.691445522102025145e-01
1.708507591940918857e+01,6.971101139416099324e-01
1.727635153575352334e+01,7.176862897461724344e-01
1.612955018045104794e+01,5.822170617139496018e-01
1.685693706961480132e+01,6.642175202907379949e-01
1.596802705137599254e+01,5.549154717076058008e-01
1.521637483818754077e+01,4.768755687878199478e-01
2.148762660971371119e+01,1.311040877014058914e+00
1.864281612853691783e+01,8.993402023439983628e-01
1.683623289010225577e+01,6.686451567157891684e-01
1.832914197698548264e+01,8.538477854737777095e-01
1.424283289975318034e+01,3.562924121426105928e-01
2.138321101190803830e+01,1.295722772299346959e+00
-7.484248634620996654e+00,3.853177019422013849e+00
1.718201398651187262e+01,7.053348219007352649e-01
1.852146593434262201e+01,8.881694539071587347e-01
2.139916568394022178e+01,1.297942091334513659e+00
1.804866016297089359e+01,8.167006947089235913e-01
4.310480381682563866e+00,-9.400856092674105824e-01
1.661476248274883005e+01,6.336669500677248879e-01
1.834549309042964893e+01,8.673562679461670477e-01
1.603795633615692395e+01,5.643548487934487712e-01
1.941181584299011931e+01,1.003817861860670790e+00
9.047504538214537817e+00,-2.799698512479985024e-01
1.773207699779424473e+01,7.771491868178294071e-01
1.453161576143336120e+01,3.843761122906971806e-01
1.912485759926877549e+01,9.689473058617523726e-01
2.141308464888678031e+01,1.299947931994174910e+00
1.722820570783751393e+01,7.106416108594477699e-01
-2.571748195092660172e-01,-2.436526341819672314e+00
1.752984010511407575e+01,7.502347832407761929e-01
1.740756009766859957e+00,-1.550233416062422043e+00
1.323827398661838650e+01,2.472699790642048923e-01
1.645215892044809536e+01,6.135930031520135941e-01
1.454026536434474970e+01,3.879322061975760683e-01
7.399415510809844498e+00,-4.594652206608667022e-01
1.619278911282769329e+01,5.893036873116563878e-01
1.123139209319857557e+01,8.790958371999384180e-03
4.458828276493894904e+00,-8.658473511645078391e-01
1.815219669284556048e+01,8.325390779461364632e-01
2.158910257971477620e+00,-8.934223587774847708e-02
1.448808653743309094e+01,3.802498469469398623e-01
1.295462023544878249e+01,2.048601759402576550e-01
2.493332904527160832e+00,-1.077970972956054707e+00
1.686126694314681274e+01,6.644678177698547517e-01
-8.182075208200160432e+00,4.965787531106496289e+00
1.612245341103706409e+01,5.809594885962048316e-01
1.583712044496084381e+01,5.393931833998262260e-01
1.259326635135901284e+01,1.665953819260375668e-01
1.694128913177324236e+01,6.743579746938788144e-01
1.747708629586023932e+01,7.419255914546533104e-01
1.136697933846197728e+01,1.405952547576626473e-02
-5.198327960457206132e+00,-9.371341033387716735e+00
1.898052462064306889e+00,-7.969416181935546906e-01
-8.478282545782843016e+00,5.394933291979559620e+00
5.717893085405682640e+00,-7.179509932199121813e-01
1.607330506316173313e+01,5.681732108414674354e-01
1.594763521260289352e+01,5.586292296709529648e-01
1.619634821955114745e+01,5.842215481463457483e-01
1.831160822719960990e+01,8.637409455383239232e-01
1.558317843477205678e+01,5.089392100195853086e-01
8.669195705030951160e+00,-3.014764123055673206e-01
1.317518822275579993e+01,2.264877339162891801e-01
1.603478328473801184e+01,5.691029282515125409e-01
9.344803175889795810e+00,-2.171490998942876005e-01
3.666186951605288513e+00,-1.024739495668653300e+00
-6.686658430386605012e+00,4.153794650491921203e+00
1.313038415278842308e+01,2.195122747491558834e-01
4.482780501449074251e+00,-8.220639278926601401e-01
9.112111347228641023e+00,-2.668557475896917164e-01
-6.710564551596030824e+00,2.258712410757029776e+00
-8.429191478316390373e+00,5.319704634576771340e+00
1.469554011922301484e+01,4.060307687537504373e-01
1.400110014639879985e+01,3.219233656931081433e-01
1.634758294912881382e+01,6.014691810173747877e-01
-6.905089579242445375e+00,2.720709642981102849e+00
1.808369385574139088e+01,8.228223923128212824e-01
1.729166247317580130e+01,7.189474553887704733e-01
-8.494609621745565775e+00,5.423174883331456364e+00
1.513892538526349263e+01,4.661696477209789635e-01
-4.608800921914491866e+00,-7.409820278528426840e+00
2.114101291195337495e+01,1.259747788309257377e+00
-8.295020625807314474e+00,5.116435089290200189e+00
-6.086076115852548263e+00,8.101027060187949713e-01
2.037251116968667830e+01,1.146616535738164799e+00
-4.920702880040732197e+00,-8.468956880629045614e+00
8.282494910678813937e+00,-3.776216950655094107e-01
1.402877821462686470e+01,3.224664399945718629e-01
-5.482459040051259613e+00,-4.276171113799673851e-01
1.732514571508905377e+01,7.265796010936784732e-01
2.125549933435907946e+01,1.276928088254687399e+00
-5.125580506594860530e+00,-8.895201604963538955e+00
1.562977717299892966e+01,5.157493941799412562e-01
1.598355215167402754e+01,5.565625384574541812e-01
-3.189624165849787918e+00,2.942213075930141253e-01
1.470284528013501024e+01,4.139498795576506684e-01
-5.408538326298943488e+00,-7.562702326521314466e-01
-7.541505973729750067e+00,3.835714153356312828e+00
-8.538167936913849232e+00,5.489710993691503838e+00
1.377898166394003532e+01,2.957505362122157533e-01
-7.016992550337572077e+00,2.789740987952042062e+00
1.084680826898431683e+01,-2.068700755133005831e-02
1.064469838790680889e+01,-6.617542892859457071e-02
5.355870406616954682e+00,-7.323646164359622901e-01
-8.127140919378604167e+00,4.847914205082402006e+00
3.351161071506316702e+00,-1.036305772069047615e+00
-7.538375464747651300e+00,4.201439668997243970e+00
-5.261877033430327089e+00,-9.645354016168226963e+00
7.379916378779182162e-01,-1.571749197612304583e+00
-8.658511973058658384e+00,5.674353554604681271e+00
-3.444278533896057759e+00,-4.809675036357195843e+00
-8.088931758733126642e+00,4.818054317033655387e+00
1.582267905272981423e+01,5.385486733188360464e-01
3.001613133796939170e+00,-1.043423302683456289e+00
4.039538255496021968e+00,-9.722844717455830788e-01
-6.449659256260342310e+00,2.991875371732364730e+00
3.406730750773966143e+00,-1.101203316873887728e+00
-6.968212843976163917e+00,2.894904902228470966e+00
-4.842009648827538371e+00,-4.720516308456986110e+00
1.724894044131882254e+01,7.260566416325071604e-01
-6.512373190087924257e+00,1.953603753457825443e+00
-7.960166166431008605e+00,4.608211011543810187e+00
-5.174574626877049610e+00,-9.260685618819866960e+00
-8.602883730964975939e+00,5.587931313633612618e+00
1.452085948763100909e+01,3.899433961646728841e-01
9.085948458148546791e+00,-2.492802920309087067e-01
1.694086801089281380e+01,6.744329910671744699e-01
1.699585599520256096e+01,6.831309421463956921e-01
1.831859506140251392e+00,-1.578820723626839673e+00
-5.117742535701062856e+00,-9.008070318562605650e+00
3.710126924133581916e+00,-9.138650468604593291e-01
-8.498935174488488897e+00,5.431433386150867904e+00
-7.927773009420974404e+00,4.660706387000324469e+00
-3.772569804792736292e+00,-3.999645506778975346e+00
1.644795121169716978e+01,6.173451878402990145e-01
-3.576601212430797982e+00,-5.204806158374424285e+00
-8.238309628900115200e+00,5.027636106489164369e+00
-8.566608940746917256e+00,5.532087333401440432e+00
-8.204418477126218079e+00,4.982714894639807213e+00
1.957201801452787038e+01,1.028717998112980814e+00
-5.999420422086485516e+00,7.296176227840018846e-01
-8.375921780463670530e+00,5.243429121527102055e+00
1.716712172094776445e+00,-1.201085284611392190e+00
-7.880895014739971671e+00,4.468185070225211497e+00
1.475836316960119632e+01,4.102748143411057979e-01
2.350948535177121101e+00,-7.890022137355725551e-01
2.135119708256698612e+00,-9.688115330780135981e-01
1.763001708792497624e+01,7.624329400244511667e-01
1.112415289690207310e+01,-1.573883511496883617e-02
-8.538574984247194521e+00,5.486931096511137085e+00
1.173358228495556688e+01,6.891619633794203448e-02
-8.635149523552449580e+00,5.635528842869478972e+00
-6.004320608648686886e+00,8.315690366929279209e-01
1.215216371920416805e+01,1.001362136110324347e-01
2.471388736022961830e+00,-1.101751127082926551e+00
-6.427276925807659858e+00,2.191831793550614194e+00
1.021438780086073628e+01,-1.164050393356568652e-01
1.533500118502782783e+01,4.824135746268194969e-01
1.583217135920031993e+01,5.428894065113699652e-01
2.211376862503160012e+00,-1.078038682067496978e+00
-7.170137320850227702e+00,3.240081803233971325e+00
9.420678294991244428e+00,-2.052248196372329636e-01
-7.985664612608153412e+00,4.668184054474820321e+00
-5.060383610270714705e+00,-8.882949810231091092e+00
1.663491477425009535e+01,6.369048218930543070e-01
-1.540994641714531932e+00,-3.068387605335134438e+00
-5.231070777358117319e+00,-9.516637911915157844e+00
4.679374785252580438e+00,-8.162869559539397413e-01
-7.326312019093836447e+00,3.636593209947135641e+00
1.256443969168748254e+01,1.673134167566935060e-01
1.666187580685269154e+01,6.411454764973076870e-01
1.541992878471830331e+01,4.973662444751342782e-01
-8.669477968555689529e+00,5.691225502218185461e+00
-5.304611203686615539e+00,-9.846969938887998097e+00
-8.669584299876678557e+00,5.691252929602059751e+00
-6.678455069722186721e+00,2.188436936510294473e+00
-8.358505762347462564e+00,5.224304155672962580e+00
1.824681699343535257e+01,8.496619171165750162e-01
1.224255568791350868e+01,1.343663300375643466e-01
-6.499894962574858326e+00,1.787711787993569779e+00
-1.021817723965932900e-01,-9.504752690363704737e-01
-2.076532019011124941e+00,-1.260400061489777290e-01
-8.236273336373209020e+00,5.035913961688139651e+00
-5.619204927273313999e+00,1.398613086138603412e-01
5.168577444070159288e+00,-7.186436074237018135e-01
-6.394606789853506612e+00,1.681707882257919673e+00
-8.250139306948497619e+00,5.056364593121625894e+00
-8.500594025038259005e+00,5.420906691120254806e+00
-8.471658062055221095e+00,5.387993289192782420e+00
-5.528992781784658028e+00,-6.250701304991875817e-01
-4.869848520885915022e+00,-4.296459024701380969e+00
-7.681646864945871123e+00,4.076156956827203359e+00
-8.496612594089128834e+00,5.425366668381095714e+00
4.892769669476735750e+00,-6.202310360306302339e-01
-7.943345361239225966e+00,4.644590603353623059e+00
-8.311461650896836417e+00,5.141407693773694554e+00
2.152735592341703352e+01,1.316931509511577891e+00
-4.786067875552522999e+00,-6.451032017142399155e+00
-7.966794231121281378e+00,4.721419130996613589e+00
-3.768802072743757225e+00,-5.881822353012439386e+00
1.464369892319427180e+01,3.983738664569888566e-01
-2.944007092883248244e+00,-4.904945362417618249e+00
-7.851804591415597834e+00,4.362084942863340586e+00
1.679599554789626836e+01,6.610727201316127788e-01
-8.047208428592151463e+00,4.733898469668629261e+00
-7.257200801444256832e+00,3.262142109311012561e+00
-8.288304072676548895e-01,-8.435021751303137805e-01
-5.457964955369625670e+00,-1.631247792594695545e-01
-6.162055808653532196e+00,1.105388031354376688e+00
-8.425155368695952163e+00,5.305376864830350314e+00
-5.408947210423583840e+00,-1.039530018535784972e+00
-5.312081521606952350e+00,-9.871807142548474800e+00
-8.161328587908611709e+00,4.862684962625039020e+00
-5.672596492909800503e+00,-3.219307496845375538e-01
-4.639671468750035110e+00,-7.341340698276175303e+00
-4.364883967420568389e+00,-6.894716014241668134e+00
2.415910805940844619e-01,-1.286226964074955736e+00
-8.248993119665268381e+00,5.056800660739029674e+00
-8.042246422157084851e+00,4.679190130699131700e+00
-6.996287894811932695e+00,2.805071158597302272e+00
-5.246079204560222031e+00,-9.585107544820962389e+00
-7.571030022870409937e+00,3.861005224580687845e+00
-4.568062200223550917e+00,-3.656255115201628048e+00
-8.037559209658814652e+00,4.749806871515259488e+00
1.664002948299442508e+01,6.366651999874783918e-01
1.334889144991785237e+00,-1.357095434741837137e+00
9.490376594146737732e-01,-1.527010009402087531e+00
-5.084510453551283504e+00,1.814536510879635467e-01
-8.165632059402991416e+00,4.904752017618386972e+00
-7.572989079326492678e+00,3.872501275976794499e+00
-6.579323829766180687e+00,2.200370049040692333e+00
-5.264154489878628773e+00,-9.670086479651594402e+00
-8.103628708804112790e+00,4.787288144092531006e+00
3.709369448335270159e-01,-1.024098794079509656e+00
-6.517188308571878252e+00,2.174627843110413572e+00
-7.149297143515084940e+00,3.140144530828584912e+00
-5.322359753767464952e+00,-9.926516146434824606e+00
-9.345347177105673975e-01,-2.829184841442593967e+00
-7.282616650000185210e+00,3.378468998958219949e+00
-5.044792176746025980e+00,-8.799836339372944849e+00
-6.684516316942034742e+00,2.220900767943431386e+00
-8.460557209261278189e+00,5.370758494726289634e+00
1.412796759833335614e+01,3.403448960173578453e-01
8.299976958421858342e+00,-3.703342571102190006e-01
-5.141940748615341228e+00,-2.479572846005724251e+00
-4.787083508211837035e+00,-3.695367922301159513e+00
-2.757529586283362200e+00,-9.101286416344873675e-01
-8.506984285549441083e+00,5.436777505804399446e+00
-7.977063448662244483e+00,4.577074630772006714e+00
-7.652711189338797126e+00,3.988684200928128476e+00
-7.507922180314581695e+00,3.867447299915846681e+00
-5.250049114133504169e+00,-8.675035340319685595e-01
-6.731708476115726647e+00,2.494966312824459465e+00
-8.106434034092419694e+00,4.798824601009279434e+00
-5.313599076411911426e+00,-9.874126636387950740e+00
-6.869058482578102698e+00,2.600307397978274260e+00
-8.452108214268276853e+00,5.344496183030640779e+00
-7.885467768792464582e+00,4.412180319346654223e+00
-5.152858869324888680e+00,-2.306671631314707316e+00
-9.507546934960496854e-01,-9.660158285889741681e-01
-8.095294044468047900e+00,4.784895557480578709e+00
-7.577340182058049933e+00,3.861047351895340096e+00
-5.688462181243971294e+00,3.643388355678678359e-03
1.508650446310665671e+01,4.533765452119613570e-01
-5.197852518876506345e+00,-9.256365448972539767e+00
-1.357574118124988127e-01,-5.798288251803467297e-01
2.177241578081570150e+00,-1.068746989752068055e+00
-5.285332721219021757e+00,-9.763670236771950783e+00
-4.878966095120997437e+00,-1.009082922601115984e+00
-8.483023732237628067e+00,5.405163486218352631e+00
3.166824610962497566e+00,-1.085866106562412003e+00
-4.848078664053748987e+00,-3.621763625092685679e+00
-5.874810348966055251e+00,4.669936677656820745e-01
1.046410286013491397e+00,-1.493993219886026180e+00
9.376360326576509419e-01,-1.711352146707134425e+00
-8.167938840899749309e+00,4.963325509173318828e+00
-8.573971393781484096e+00,5.543587895225431161e+00
-7.918922801801985045e+00,4.506756560862230643e+00
-8.264242987216356084e+00,5.035413221964669894e+00
-5.463795306682403208e+00,1.902059564069541020e+00
-5.135537983760396941e+00,-9.106227992209641187e+00
-4.962285516687782838e+00,-8.139928948427026967e+00
-8.153133040517346330e+00,4.883558344739994617e+00
-6.625595271637513051e+00,2.142854479712306137e+00
-4.972861382594402357e+00,-3.320286178232651597e+00
-6.114147769393507126e+00,1.655204260814501449e+00
-5.831231652308898283e+00,3.598512181618351291e-01
-6.806597424164873900e+00,2.350256927528772799e+00
-5.185092840810736625e+00,-9.229103689866782645e+00
-5.603044449240580427e+00,-8.765815862843975848e-02
-7.566170456226869234e+00,3.935101795345002706e+00
-7.616590533565586796e+00,3.952729531198566182e+00
-9.038373652601126018e-01,-2.269308864013232618e+00
-5.256880234426407839e+00,-9.580133697649317881e+00
-6.993558216768869684e+00,2.783952187242867637e+00
-4.595590412911787936e+00,-7.082533644863445943e+00
-5.807674671243987063e+00,3.147034735123450666e-01
-8.224182856238112294e+00,5.018737421752935468e+00
-5.821414104847587367e+00,5.772559026016327310e-01
-7.411367637316173429e+00,3.619036841343355348e+00
-6.587558129712888011e+00,1.941622985242169808e+00
-7.070523829741730104e+00,2.903037821913062810e+00
-5.550332659112477529e+00,-5.488201320994331445e-01
-4.927475169615500583e+00,-8.188810730431329787e+00
-5.528926588271650289e+00,1.015911478876960539e+00
-8.545278936042871365e+00,5.499672899384578706e+00
-5.955119954831769924e+00,7.750985235208176505e-01
-7.832816255445832709e+00,4.307722362216078515e+00
-8.654197219993935875e+00,5.666417677126286634e+00
-5.079334505468554362e+00,-2.285235458637564054e+00
-8.079652351777951935e+00,4.780486556812803656e+00
-7.888369451409494637e+00,4.482249071178596722e+00
-8.396899587505101792e+00,5.268704780566568324e+00
-8.356831903243078230e+00,5.212134213679863848e+00
-7.995682240695225040e+00,4.595934515194297632e+00
-8.598196235560145340e+00,5.577471377434714661e+00
-5.262092045938773666e+00,-8.771514048121998863e-01
-6.230514163417450568e+00,1.971398420365438220e+00
-8.151537957183524696e+00,4.865793584972349706e+00
-8.110381124986814072e+00,4.849488286691152616e+00
1.640072515399141651e+01,6.080956895658204964e-01
-7.176603697805245652e+00,3.178469176123185136e+00
-8.096377567011858289e+00,4.794512324578615647e+00
-4.194697372621476461e+00,-3.087269183386832094e-01
-4.755451015006237903e+00,-1.981398056273555586e+00
-7.850300587893075388e+00,4.340613666994880049e+00
-4.985525588365095295e+00,-3.295482485971836351e+00
3.080472363576529649e+00,-9.707380219071918281e-01
-4.641327826446111082e+00,-7.391088008799404641e+00
-7.896183708348064378e+00,4.606827821153900437e+00
-8.353744069512603065e-01,-2.233035821394089293e+00
-8.656473686993264138e+00,5.670076216460716800e+00
-6.623773544203513275e+00,2.303112004307911409e+00
-8.004102560354924734e+00,4.611150367542215633e+00
-8.128230961422540091e+00,4.887168489607038424e+00
-4.725118534933697489e+00,-7.392701040015174030e+00
-5.853419643695549013e+00,3.067614870944518346e-01
7.224185039496012983e+00,-5.080665656704747013e-01
-8.481312453941926677e+00,5.402368323610293288e+00
-8.539290939484322607e+00,5.486390976660348251e+00
-5.185191583283296879e+00,-9.185612770727388465e+00
-8.604011546092403151e+00,5.586063361990590614e+00
-8.222028261604739541e+00,5.003872686433648909e+00
-6.561871496720498520e+00,2.306134773672272154e+00
-8.017772760124540099e+00,4.701636871871167855e+00
-8.543628498556245177e+00,5.492834220079263474e+00
-4.388885092818430422e+00,-5.540124884408234252e+00
-8.024998442068534743e+00,4.736431157277619874e+00
-8.309425976300609307e+00,5.118297470990167852e+00
-5.597770631272267039e+00,1.057776436418673693e+00
-6.136540501360070010e+00,9.348918667617522882e-01
1.667208664376221350e+01,6.426522573115701631e-01
-8.132644988658672247e+00,4.841005856559974951e+00
-6.767094510007315655e+00,2.364101333261830806e+00
-6.169141988728682691e+00,1.095310382354388157e+00
-6.684799806889289542e+00,2.257216544195303154e+00
-7.296667881624223639e+00,3.353437401678661889e+00
-6.933862127091022565e+00,2.808281666125755027e+00
-7.413745920881730456e+00,3.624927378677892609e+00
-4.736847345482794402e+00,-6.927994956775533453e+00
-5.285437282509080958e+00,-1.533376780274197992e+00
-8.568286376574159036e+00,5.532985585686441610e+00
1.933937826502584301e+01,9.939218875266858655e-01
-6.324011768104132791e+00,1.455112495939368422e+00
-8.181227116295138657e+00,4.954275057430598039e+00
-8.420651714157632028e+00,5.295387111164945537e+00
-8.410065379032173993e+00,5.287921201382622449e+00
-4.817498387433302831e+00,-3.807280475855314261e+00
-8.361509755965665036e+00,5.197703803248853838e+00
-8.552161939509863586e+00,5.507957639259346116e+00
-5.511600165628030901e+00,-4.065586252419821633e-01
-8.080085784128572257e+00,4.799829189396629836e+00
-5.141682869008403323e+00,-9.103063501800193080e+00
-7.622651742389957796e+00,3.986661641972080172e+00
3.721794816681040174e+00,-1.017792317129317725e+00
-4.826824884354489420e+00,-3.572480374175829976e+00
-7.435103042867051037e+00,3.619259381970607592e+00
-4.941486721042450014e+00,-7.995083943235496093e+00
-7.736486585183448561e+00,4.151127785307416218e+00
-4.198015965420323070e+00,-6.311717177007897028e+00
-4.874038102782815685e+00,-7.442890470016661375e+00
-8.287803449966185454e+00,5.098612964482598819e+00
-8.457834995068362005e+00,5.349161385094737042e+00
-8.641290082111659387e+00,5.648058778390489643e+00
-6.364243750133938171e+00,1.473924882547913429e+00
-5.262218560127034372e+00,-9.651296573144932722e+00
-7.892945094952792395e+00,4.426168951425015763e+00
-5.277311153702873625e+00,-9.715381403655577230e+00
-8.150833726991946193e+00,4.860126425401635863e+00
-4.304267128104042328e+00,-5.058240898777203398e+00
-5.839764707047399028e+00,1.549761507917270409e+00
-6.915414866209545153e+00,2.599585947164622102e+00
-4.832386959967340800e+00,-4.495383983184901844e+00
-8.454353243785753591e+00,5.348049002101851634e+00
1.556796791333824537e+01,5.083329911947050972e-01
-7.242111688047736529e+00,3.250445930363599079e+00
-6.210554022739992241e+00,1.235772758545323757e+00
-6.064717700244599996e+00,1.399110877732158587e+00
-8.650814023802350761e+00,5.662023771294142804e+00
-7.770318383703608944e+00,4.245396352219632519e+00
-5.742903810608929405e+00,1.666471762746660479e-01
-8.116941779302861093e+00,4.800912036274229244e+00
-8.529753622536109248e+00,5.469884919425960668e+00
-5.485334452872287159e+00,2.340990476303196344e-01
-6.502208575038283200e+00,2.132811851960802141e+00
-7.878460887045886096e+00,4.401926108635477952e+00
-5.092300129650447538e+00,-2.823793289418212282e+00
-6.202273481434062319e+00,1.671327543194237597e+00
-6.662688203170343826e+00,2.452990726796607124e+00
-8.076997920516756579e+00,4.729119085896490660e+00
-4.814898272145802238e+00,2.780911680045679457e+00
-5.764098006161833432e+00,3.079046501515486645e-02
-6.775769249599939315e+00,2.577902978694364577e+00
1.123919291446901703e+01,-1.691199816423535765e-03
-8.346795328659688096e+00,5.187721557462154465e+00
-8.544239866356541313e+00,5.493219757228350986e+00
1.507899295254007832e+01,4.482450674423655856e-01
7.398846083337624613e-01,-1.881613965729351801e+00
-8.444635570727323071e+00,5.345167824915255217e+00
-8.551811400073477287e+00,5.505484292195484741e+00
-8.073755787905403380e+00,4.752434648000971151e+00
-4.822937680071505362e+00,-7.131586108766587273e+00
-8.313393032946938987e+00,5.131696670819104966e+00
-5.502361976082265294e+00,-4.725595990770701249e-01
-8.542410212800170655e+00,5.496164001990420545e+00
-4.825677304839753212e+00,-3.935992658412382106e+00
-5.237170868082858810e+00,-9.567009233252720790e+00
-5.276173180247985428e+00,-9.702877003262226907e+00
-4.803748285111267613e+00,-7.014014095727820752e+00
-8.535289305156476658e+00,5.479275107379433685e+00
-8.400505581866001492e+00,5.265933223002751795e+00
-5.318309461270651184e+00,-1.356270566863275517e+00
-7.855524338591231448e+00,4.443850831643646693e+00
-6.675045601014566010e+00,2.206487982154945904e+00
-4.772268558966471730e+00,-7.543621944270295643e+00
-3.588551371015324953e+00,-1.192477272934901800e+00
-5.204746415603327847e+00,-1.878585573078698667e+00
-6.697739821723450504e+00,2.643044575049565470e+00
-8.196088795532086024e+00,4.918381282734157089e+00
-5.163115938285414153e+00,-9.077005522833159645e+00
-8.435488144942906885e+00,5.324362484065475520e+00
-8.269655345820840608e+00,5.079067736193689342e+00
-5.309703691943727932e+00,-9.867555673111763070e+00
-8.552556300415481871e+00,5.509921224626901370e+00
-4.853369758344137530e+00,-7.456181693405407707e+00
-5.195417129525236710e+00,-9.368747673190279457e+00
-8.447492525711819411e+00,5.352451991926418629e+00
-6.592329244120167075e+00,2.044584468908499986e+00
-8.390187882574231537e+00,5.258762978317942149e+00
-8.519250217536839642e+00,5.454213925021433873e+00
-6.372773956256990502e+00,1.981514267487649361e+00
1.992937348616527826e+00,-1.046299330004800021e+00
-7.918546860724413605e+00,4.476457122954323076e+00
-8.469286077905508137e+00,5.374992833576460072e+00
-7.878167362761123727e-01,-1.332094529177304976e+00
-8.512247312249510145e+00,5.449056814268310234e+00
-8.537682596546153135e+00,5.478981458508451752e+00
1.157012080270512611e+00,-1.816242043699484388e+00
-4.573206107244312868e+00,-7.450621492234843934e+00
-8.529523186764803810e+00,5.476491520645597078e+00
-5.565830090897470939e+00,9.878461498095786331e-02
-4.842136341291615409e+00,-7.180181714891604727e+00
-5.502504861385117962e+00,2.245417640130600509e-02
-8.662889008589900186e+00,5.680234111055015411e+00
-6.955362067486793087e+00,2.742425244084655489e+00
-4.506273469699886292e+00,-5.688673373411880618e+00
-2.391573682977857107e+00,-1.551772573766786678e+00
-4.887795621423558501e+00,-3.562863477932524781e+00
-5.183435277482051795e+00,-1.816162006956520525e+00
-7.522225566369088234e+00,3.746148406425298116e+00
-4.702572699573499548e+00,-7.000535854562083493e+00
-8.517948009163513134e+00,5.453589651291061990e+00
-5.656444793463028198e+00,-2.622387418976422357e-01
-8.221056085631699872e+00,5.004389482547306756e+00
-8.560606322306401950e+00,5.518906919482116535e+00
-4.844927469405011955e+00,-4.863552552613355395e+00
-7.297513655742045913e+00,3.396936610665053369e+00
-5.325085560979790245e+00,-1.508741555315909810e+00
-7.227839332941202066e+00,3.267252117518719245e+00
-8.637105534849586874e+00,5.640047532428862809e+00
1.924333972593805342e+01,9.810723052716233683e-01
-5.395857606490482183e+00,-1.048693215335816609e+00
-5.386933336307273557e+00,-1.322025739751688800e+00
1.109322003586461669e+01,-2.077791038311242039e-02
-6.689076128634340535e+00,2.417768058550400223e+00
-5.936506872594744522e+00,1.034026259216264343e+00
-7.594008660632260543e+00,4.004269912726768688e+00
-5.193021479310417021e+00,-9.342733631596859212e+00
-5.770792759926099968e+00,1.853887874295846727e-01
-7.286873117927780363e+00,3.316527995237193771e+00
-6.070357263589042596e+00,9.197134557510876496e-01
-5.468247893629781586e+00,-3.434947074485227292e-01
-7.844372402182522741e+00,4.432584817250071474e+00
-6.042619803598411998e+00,7.289068044150436299e-01
-8.495144990107750260e+00,5.423819096796922423e+00
-6.121735462741312972e+00,9.883377330053589871e-01
-7.101027682184693823e+00,3.122812573157368377e+00
-5.220764704933483102e+00,-9.476951812512941942e+00
-7.606531693361383795e+00,3.984521309284361212e+00
-7.227925761896768719e+00,3.186156118595793618e+00
5.479858159413510954e+00,-7.123205465387709712e-01
-6.180821119118934170e+00,1.013197893428934515e+00
-7.298969285548240649e+00,3.383399394750090217e+00
-6.579668593975118718e+00,2.339418840523026510e+00
-6.927553125291390224e+00,2.633975799675857488e+00
-5.145670485591852028e+00,-9.010615882438756330e+00
-5.408361708457586126e+00,-8.823882737845716306e-01
-7.257051051448887513e+00,3.432476077361072075e+00
-6.192348117436891286e+00,1.112423047241474450e+00
-8.425509217205613410e+00,5.300409989792955301e+00
-5.741384890665669261e+00,2.040408801482170020e-01
-5.320468825309029981e+00,-9.914564212843615110e+00
-8.130361158464030069e+00,4.833843981511024346e+00
-4.527724577679022921e+00,-6.578990171654290009e+00
-5.119388479480095455e+00,-8.960488574775144599e+00
-7.590628322188788246e+00,3.907060603251896858e+00
-5.201641862810507888e+00,-2.127888870538095389e+00
-6.765273846542673830e+00,2.375024136251881579e+00
-8.418596879689905776e+00,5.290312721773246629e+00
-2.476124483913855645e+00,-3.449807016738142273e+00
-5.015074564084651243e+00,-3.288102603092823983e+00
-5.512819181633474841e+00,-3.732118323748797040e-01
-7.039016898051246862e+00,2.852826532841045815e+00
-6.379828874343463241e+00,1.641567771485623828e+00
-4.873662164252925422e+00,-4.212498585465590750e+00
-5.991755302739963263e+00,5.814029888882119579e-01
-8.566077192805570562e+00,5.525152925793769043e+00
-7.927612621240324842e+00,4.461286229196648634e+00
-8.667637909730620649e+00,5.688351891940127913e+00
-8.169589882118660995e+00,4.889884275934274882e+00
-8.217019323368598194e+00,4.966103369813472668e+00
-5.269536937828946499e+00,-9.682804249427311660e+00
-8.082283328147800816e+00,4.747129062611716854e+00
-7.189202705224428058e+00,3.248445491424262421e+00
-8.256143752736049279e+00,5.021721881171811397e+00
-6.868186225857457750e+00,2.497681492129415926e+00
-8.118738529643980684e+00,4.840465828497588774e+00
-7.991788770404159026e-01,-1.906204697293007566e+00
-5.996359396073471792e+00,8.351370437778279365e-01
-7.713848070385527222e+00,4.102203416998901453e+00
-7.856013854008993214e+00,4.480048155473191684e+00
-7.302093294493753994e+00,3.470810553908465046e+00
-5.218687770576100782e+00,-9.467408223492974173e+00
-8.150166918701657437e+00,4.891755561874951752e+00
-6.896571399090875687e+00,2.592645916166480102e+00
-7.872177679305538689e+00,4.438074950952356268e+00
-8.142781720245974242e+00,4.857117178791834355e+00
-8.168484745941947622e+00,4.934737456708032433e+00
-8.642528403646279500e+00,5.648054049383616437e+00
-8.452085502535691575e+00,5.353385543888230735e+00
-5.259113331652475409e+00,-9.646587603290489810e+00
-8.179697702065354292e+00,4.921901618142078938e+00
-5.249577513288842034e+00,-9.602950593335538798e+00
-6.765947419598224322e+00,2.351925538231339541e+00
1.418677044273380972e+01,3.408953100561047389e-01
-3.899135856364628339e+00,-5.503057135290010393e+00
-8.303003118539331595e+00,5.130190606482923243e+00
-7.250020029017126610e+00,3.287003342217456048e+00
-5.141200808098223440e+00,-2.366379287740277171e+00
-7.951712178910509188e+00,4.730044496813683885e+00
-6.703114412014393508e+00,2.429728417065066370e+00
-8.406813618774805263e+00,5.285258034879064759e+00
-5.373390092724336320e+00,-9.015919965015524173e-01
-8.574839583210497551e+00,5.543637518457097180e+00
-5.022696603365235823e+00,-8.516205057520776833e+00
-7.826627403239898584e+00,4.294049364887551512e+00
-8.637817760602073847e+00,5.639782123983231088e+00
-5.311198879836069864e+00,-9.872986690897871398e+00
-7.924753672216787059e+00,4.479381492044589130e+00
-5.721072961862981643e+00,1.802898533827475280e-01
-5.305660958129566396e+00,-9.849058179195493423e+00
-5.048089588821778051e+00,-8.508235652748473044e+00
-4.932773232965466548e+00,-8.389069163897509895e+00
-5.128755863846737206e+00,-9.087373139154282242e+00
-5.809948206204877508e+00,1.053667338504031131e-01
-4.132900869828365131e+00,-6.444869968177330044e+00
-6.478707592839318075e+00,1.800540318586564048e+00
-5.028865157022401888e+00,-8.330394363523620171e+00
-3.664366788493263360e+00,-5.342537502031039942e+00
-5.926255015226490563e+00,5.198164814475689788e-01
-7.997766683936159637e+00,4.608355077405464684e+00
-8.281744742527653358e+00,5.082296653706560363e+00
-5.270478163005496874e+00,-9.702961939210577924e+00
-5.855190770561636171e+00,5.074310047378102206e-01
-5.118296047572676422e+00,-9.038618694825888866e+00
-8.224688359980383723e+00,4.990119600407878053e+00
-8.054333629263423333e+00,4.699684433290908459e+00
-6.657363778861093095e+00,2.359163091981601124e+00
-5.734744696503803141e+00,2.970437334863645917e-01
-6.971466072257090474e+00,2.708243356722965789e+00
-5.298404080542509220e+00,-1.979571837678830715e-01
-6.677172653480530684e+00,2.122960312521227078e+00
-5.316224518293783063e+00,-9.899888826411514131e+00
-5.820960555860450469e+00,2.803513252543223810e-01
-5.488377199875817958e+00,-5.935434530906610329e-01
-5.601520204022210514e+00,8.615141282986624183e-02
-5.113198194060111668e+00,-2.546914031509856624e+00
-6.050083512006043662e+00,8.653541457424410721e-01
-5.039568360870973152e+00,-2.729873188333818312e+00
-4.947974784370403611e+00,-3.694530733273210465e+00
-8.155429090530512681e+00,4.902219131653057005e+00
-4.827866255968988440e+00,-6.777771731313669612e+00
-8.633794611216005777e+00,5.633769502360549630e+00
-4.929798996475513562e+00,-8.323978248433274274e+00
-5.154893367082962641e+00,-9.150579844844740407e+00
-7.040130169149081851e+00,3.102665325911675875e+00
-6.353793588811615045e+00,1.633170338093274720e+00
-5.658017861010700145e+00,-2.718848326300047913e-01
-4.764270801845860603e+00,-2.921196744031821613e+00
-5.217243247558765340e+00,-9.491674633170804398e+00
-7.446750885951860965e+00,3.644086836817047814e+00
-8.640555843650334467e+00,5.644936979169872693e+00
-6.399433959406771066e+00,1.651550523980686247e+00
-4.934406981971533490e+00,-3.441278165546012513e+00
-5.181846986366256402e+00,-9.280190346370693177e+00
-5.517525028437139767e+00,-6.707698864849205300e-01
-5.191306517533868181e+00,-1.620765920743280519e+00
-4.803116206751349537e+00,-7.073364936317926066e+00
-8.518119516952534553e+00,5.451373230021961724e+00
-7.895115710751338334e+00,4.535259055604553780e+00
-7.528037059831760303e+00,3.884457658568597704e+00
-4.665242446063508908e+00,-7.667262217171281868e+00
-6.693668949252740141e+00,2.137764821814895466e+00
-4.811332032410056136e+00,-5.403849209642991092e+00
-8.536927234276285859e+00,5.485240149900407758e+00
-6.385124489884447030e+00,1.913764156734260258e+00
-7.830096679194647358e+00,4.465294170559188203e+00
-4.839094982521055854e+00,-3.837187190375903612e+00
1.788826841505057530e+01,8.002550670488726148e-01
-5.393806437899276496e+00,-1.158545366054094083e+00
-5.974591465174796667e+00,1.004217403656043839e+00
-8.600969456511649014e+00,5.583215609353918474e+00
-4.916577009095433048e+00,-3.793368180552344704e+00
-5.873424412981415266e+00,4.073887891469197831e-01
-7.905081399474727100e+00,4.446494226240785608e+00
-5.463750176093387090e+00,-4.752464438622560627e-01
-4.894275643029125433e+00,-4.218721052768144908e+00
-5.491096195308395878e+00,-6.491194274460430069e-01
-5.166803154640292384e+00,-2.316907828967236682e+00
-7.805019077150061158e+00,4.325310074557449980e+00
-8.601064433517285224e+00,5.581716323153085746e+00
-4.520115057708963491e+00,-5.168031765179824433e+00
-4.960638961456661278e+00,-8.352008324467124822e+00
-5.140614771455257248e+00,-2.446531953741940768e+00
-8.381101203517342668e+00,5.257564364541496005e+00
-4.595533067757274104e+00,9.863665013562268324e-01
-5.317381985423749846e+00,-9.899859438977257398e+00
-7.170040719352408942e+00,3.144349716474470924e+00
-4.687085865252299755e+00,-5.361472001624048467e+00
-6.114996878089447030e+00,8.779516763711774363e-01
-8.621076649554707316e+00,5.614752057074867686e+00
-4.833536341370749057e+00,-4.794556101134126891e+00
-4.957571466571060625e+00,-3.076980621796171267e+00
-5.189783170436463422e+00,-1.642413324174325950e+00
-5.581993752939108155e+00,-1.427394446835708597e-01
-7.519852227998097938e+00,3.737698470966420494e+00
-5.111684698005425354e+00,-2.433763035361939497e+00
-5.477721300729039733e+00,-4.387455341430472888e-01
-5.260078401888919508e+00,-9.648661313722111998e+00
-4.572045852124891674e+00,-7.226363546195275767e+00
-5.301284641308210865e+00,-9.821715223827292007e+00
-5.199627737660574844e+00,-9.372110931593335081e+00
-5.282382458452971719e+00,-9.724307551483001077e+00
-6.014727864912317479e+00,7.863575393433903660e-01
-8.544893666650393627e+00,5.493361403815879562e+00
-5.242020091043370300e+00,-1.977494996261235594e+00
-5.270541151922048861e+00,-9.648906560902602791e+00
-5.362552709534925022e+00,-1.118707475302205490e+00
-8.268378336532441253e+00,5.075361200429527209e+00
-5.191859093359934896e+00,-2.335993946358173368e+00
-5.277850911101647391e+00,-9.699030908241214277e+00
-4.837474259727653880e+00,-7.261458311626038942e+00
-6.850259787227575003e+00,2.438555982269491995e+00
-7.401850340209365164e+00,3.722840760172609897e+00
-6.836801677688027823e+00,2.609907995254614477e+00
-5.234735773806798775e+00,-9.525589530514478653e+00
-5.305288216417085145e+00,-9.844852371477873731e+00
-8.529863888219278323e+00,5.470671302287286153e+00
-7.745237233463566184e+00,4.240361352072773649e+00
1.538070035194985330e+01,4.840161785176088083e-01
-5.464974620951305262e+00,-5.633451730734386764e-01
-8.302898107362350899e+00,5.114482412734350447e+00
-7.965734264326509440e+00,4.551155554057919161e+00
-4.625906121632259449e+00,-6.193673969233936205e+00
-7.364425477301021594e+00,3.441008808848677436e+00
-8.008743131644543212e+00,4.627335066018857468e+00
-6.684729112200581191e+00,2.397837475293399301e+00
-5.031433349581140746e+00,-8.517832716865278542e+00
-5.140077732691301193e+00,-9.044985704253056369e+00
-6.009494014300718057e+00,6.286593718201816117e-01
-5.164888113989542617e+00,-9.077855932648590809e+00
-4.404701555800921042e+00,-3.633922021701148530e+00
-7.740770954775089585e+00,4.211325078284953172e+00
-5.227553747784164706e+00,-9.437924844564367532e+00
-7.371784653975016255e+00,3.613558753282174685e+00
-5.983680590323061210e+00,5.937406406274980952e-01
-5.175582160279869726e+00,-2.422171636763815972e+00
-6.152431907839546632e+00,1.171887149762303348e+00
-4.820018637150174534e+00,-6.841110577988989583e+00
-5.344878480176400437e+00,-1.514309240418840075e+00
-6.819427898263706211e+00,2.601000899563917557e+00
-5.664898241559902736e+00,-2.364577054004453616e-01
-5.299447069163302437e+00,-9.815466965841102009e+00
-5.913776343437423755e+00,5.967826143910135439e-01
-6.727312065792328433e+00,2.271638226673058369e+00
-8.664142914579706201e+00,5.682462269278138578e+00
-8.347192608811701220e+00,5.203063077785230028e+00
-7.427558914608406226e+00,3.635807027060485197e+00
-7.190026419955728443e+00,3.224695250160216187e+00
-8.099714106304212180e+00,4.799366000856845282e+00
-3.682997370018231464e+00,-4.057488931021144829e+00
-6.167750226934464841e+00,1.242269501820876476e+00
-5.199547478603586015e+00,-2.122233134373915142e+00
-7.193969491942167060e+00,3.268944133477023062e+00
-5.124163356357668953e+00,-8.892608804210228257e+00
-7.658864242882118312e+00,4.048134070669820339e+00
-4.869073059815908877e+00,-3.596196834195739545e+00
-6.021382210422689951e+00,6.957644211933490253e-01
-7.016525704359521498e+00,2.861666781362472545e+00
-5.966209200512432531e+00,5.648556837180156442e-01
-4.887657567720170348e+00,-3.648079241112117455e+00
-4.828527214928731048e+00,-7.598266576848437204e+00
-8.021377798631800005e+00,4.686704017892710183e+00
-8.185602035653774422e+00,4.973481583061891698e+00
-6.119980332126249145e+00,1.227077600807501279e+00
-4.772228499583064831e+00,-4.502861813723390227e+00
-4.914758833925381154e+00,-3.461144311661821238e+00
-8.644414787690513080e+00,5.651113958015410610e+00
-8.128863326035014936e+00,4.867172342874421354e+00
-5.303913191362847890e+00,-9.841368139638563051e+00
-8.284637464413275865e+00,5.063261146388567724e+00
-7.547697856341521572e+00,3.785130581309244402e+00
-4.947524593752956612e+00,-3.199555717710469427e+00
-4.790001425842305594e+00,-5.728524855155733064e+00
-4.508373914856146136e+00,-6.009326654755940744e+00
-5.109699461044444391e+00,-9.079773634390152282e+00
-5.525013635979190596e+00,-5.681719517658294638e-01
-8.403698605735954175e+00,5.266734072122027044e+00
-7.817653711177054099e+00,4.349235267451517117e+00
-4.949152861871841225e+00,-3.402921091599820702e+00
-4.668973218580894091e+00,-2.049135017430113948e+00
1.625848799848028747e+01,5.909512238888458002e-01
-5.248266051817484623e+00,-9.566901981834984525e+00
-7.154049470156875756e+00,3.173907201495765218e+00
-7.260279155553596375e+00,3.258700457718888721e+00
-6.820595743217521267e+00,2.496651763379015510e+00
-5.160666992270026121e+00,-1.313189746143623271e+00
-5.997345806112293509e+00,6.775555258375808299e-01
3.814311638380960989e+00,-8.644233542940382709e-01
-5.123214521030313939e+00,-2.637034031687586211e+00
-5.137138084086405598e+00,-8.917112394770228434e+00
-7.849998147254386716e+00,4.321146769644971464e+00
-5.170106357739115310e+00,-1.830018779235667914e+00
-5.220036571467183251e+00,-9.376435635581547245e+00
-4.798230222462536609e+00,-6.708302956801734496e+00
-5.018773317202085416e+00,-8.419171053913737879e+00
-6.603300426215530372e+00,2.081361377926077783e+00
-7.121038177663584712e+00,2.971776231391728196e+00
-6.792980261819316468e+00,2.476146011448694839e+00
-7.236105379137026894e+00,3.209695369877752835e+00
-8.618162058427191852e+00,5.609872836443029698e+00
-8.227335783390859802e+00,4.986013178616894415e+00
-8.472572379423514377e+00,5.381148000098694872e+00
-5.839634570663148949e+00,6.277941695515849574e-01
-8.217683729815604465e+00,4.987276055565986077e+00
-4.787793560405899207e+00,-7.033876841259330881e+00
-5.218457258616219896e+00,-9.477124094427200163e+00
-5.286120795017162699e+00,-9.757265411799453503e+00
-5.307073762827889674e+00,-9.852862648150265912e+00
-4.853943819092208400e+00,-3.949175661398478088e+00
-6.156464397830098356e+00,1.061015937710710233e+00
-7.580830068719065729e+00,3.921281961588264586e+00
-5.638545596727852605e+00,-2.485266188356217987e-01
-5.224593024312285117e+00,-9.472355084802993375e+00
-6.358956850071743716e+00,1.414422234575434478e+00
-8.449051964394527658e+00,5.336593624871149188e+00
-5.909580832372796522e+00,6.784842502414317744e-01
-8.503604651449402141e+00,5.421641442766625296e+00
2.115146560897287387e+01,1.261978105732274535e+00
-8.639081704614415713e+00,5.642049238294253755e+00
-7.365003163026663913e+00,3.451178517723411332e+00
-4.724062576971839178e+00,-4.683891232175808383e+00
-4.922095503459840593e+00,-3.489572930219577263e+00
-5.304646915996439560e+00,-9.844797958959029316e+00
-8.090795857165906213e+00,4.741518056871312226e+00
-7.934391720862024044e+00,4.472596502792752560e+00
-7.773937866102428096e+00,4.257315969969798886e+00
-4.643042900740101508e+00,-4.164533548175851863e+00
-8.519757695960914035e+00,5.456746054661031131e+00
-5.772515589685198734e+00,1.775868963297644876e-01
-8.027825089378108459e+00,4.688531389205889965e+00
-5.095640483664194420e+00,-8.834959531618338247e+00
-5.314225330681231263e+00,-9.888564428616227531e+00
-8.645274095590393060e+00,5.651962997500273644e+00
-5.314059788100233384e+00,-1.326769952113650453e+00
-6.055072164672972157e+00,1.073632640547796502e+00
-4.902426638204141263e+00,-7.716666235007462404e+00
-5.185470365860457065e+00,-2.266595191002169773e+00
-7.522265913484165623e+00,3.946247971023269852e+00
-8.615544137531578883e+00,5.606687118993712637e+00
-8.255457645029526503e+00,5.035548106738287899e+00
-4.830767637445973151e+00,-3.058376388896340892e+00
-7.316344503393949594e+00,3.362337616941247997e+00
-5.968767127220859336e+00,5.498643821194556525e-01
-6.132104299885277499e+00,1.013776918771605473e+00
-7.466357077168171763e+00,3.685740600574322290e+00
-7.990151992808193882e+00,4.602518617993342609e+00
-5.111634110164454903e+00,-8.788061931053507081e+00
-4.890965981682831476e+00,-8.044859230179653764e+00
-5.039561408552478028e+00,-3.208432574594202169e+00
-3.972848955239610902e+00,-4.914478523802394250e+00
-5.807059952560527094e+00,3.926284002455026068e-01
-5.159102243698617585e+00,-9.070324616170841736e+00
-4.375944556657764828e+00,-6.129845233517757563e+00
-5.388965919884456390e+00,-1.261719953006409600e+00
-6.129227767455397213e+00,9.386450660026405268e-01
-8.212208798775078478e+00,4.990008468377140183e+00
-5.044738777255462381e+00,-8.475192520894280435e+00
-8.663290037440347646e+00,5.680856853063022349e+00
-6.759026820829757476e+00,2.632094282194025414e+00
-5.258004346074021562e+00,-9.639574545366690117e+00
-7.043981395155158864e+00,2.861398372440507654e+00
-7.751190750532305884e+00,4.247252222618000062e+00
-5.713713971650756562e+00,2.789053274102167856e-01
-8.181761258520944935e+00,4.902664433771883878e+00
-5.230863087745724727e+00,-2.157699848110381513e-01
-5.261615789070225091e+00,-9.627556822488207544e+00
-8.578104737931246504e+00,5.543895622249256583e+00
-5.562826848380093558e+00,-5.561003392197567674e-01
-5.292043961484303338e+00,-9.771663833537436616e+00
-4.767537890625528796e+00,-4.854992563106023340e+00
-5.220769885773785646e+00,-9.463610491881748743e+00
-4.770492355523834327e+00,-6.740327442730545293e+00
-5.165608803399817539e+00,-1.009984592478784249e+00
-7.074712070355454463e-01,-1.662494117738491095e+00
-9.430825774286604180e-01,-1.757958981327431669e+00
-5.557574564733353206e+00,3.126612258795452570e-01
3.222845353700814819e+00,-1.107383185733073816e+00
-4.880159897160403659e+00,-4.380648742621467306e+00
-4.851212083341014392e+00,-3.998602178705620513e+00
-7.263623801821548653e+00,3.304790818518234641e+00
-4.790057789090000462e+00,-7.087646669999210225e+00
-8.041317371314743667e+00,4.672468557083133689e+00
-7.157568546211242833e+00,3.099849531847585826e+00
-4.408811097777209476e+00,-8.307996382401390267e-01
-8.462834083771664240e+00,5.369917400015737918e+00
-4.794928796045435426e+00,-5.841488401346007997e+00
-8.071408092901711129e+00,4.758490966799528543e+00
-6.403236813182204834e+00,1.670490663092047745e+00
-8.497547114750103603e+00,5.425939813960136249e+00
-5.222805666863736818e+00,-1.821299257741925137e+00
-7.930625151352523439e+00,4.536497714613838994e+00
-8.191644329145310266e+00,4.993366056131092634e+00
-6.508248492864296963e+00,2.120517678861278732e+00
-6.405464050715481861e+00,1.886979193270541089e+00
-8.086676699115287192e+00,4.790880610751690583e+00
-4.833596390562113321e+00,-7.142267677450581331e+00
-5.049843515479928158e+00,-8.647393337903919175e+00
-5.121247539924365988e+00,-2.746054534882922393e+00
-6.267163465851346871e+00,1.312204171742598957e+00
-4.878267010846918161e+00,-7.388705599803139457e+00
-8.543538629656557859e+00,5.487763886216844966e+00
-4.902013564733119999e+00,-3.247888505211399934e+00
-4.781375966991602056e+00,-6.752973833855899777e+00
-4.267566117019803151e+00,-4.339739591042746092e+00
-7.354044888155883974e+00,3.536094667265725189e+00
-5.474412995820308936e+00,-8.120590355302161889e-01
-5.677671395301828738e+00,3.972134336181743497e-01
-3.942254711355908992e+00,-5.068218271604580494e+00
-8.595704485760188973e+00,5.571476655754072915e+00
-5.297787785590671206e+00,-9.816844626930622653e+00
-1.543992012723266694e+00,-1.006905874745208651e+00
-6.758435696345205912e+00,2.590676147478159663e+00
-5.057509853365490748e+00,-3.096773063823731409e+00
-5.213549602038282771e+00,-9.348269923082060728e+00
-7.087108310258911636e+00,3.028406749264227482e+00
-5.983108455711108498e+00,5.877968902082457703e-01
-8.276637607553793075e+00,5.101082442778128723e+00
-6.441250557821709855e+00,2.045701631895459283e+00
-5.304287745061692760e+00,-6.583145486474616392e-01
-5.306946558064960406e+00,-9.856393063684949496e+00
-5.289342853707118763e+00,-9.762600105535062411e+00
-5.019473223411339724e+00,-3.225977762191333920e+00
2.108155338995734596e+01,1.251220425116712276e+00
-4.905303532584222914e+00,-3.588534055490641972e+00
-5.135160003738609369e+00,-9.085077051515984436e+00
-4.737411577542494534e+00,-5.163925444483400184e+00
3.706916148646049347e+00,-9.667623506739745354e-01
-8.116952800935564483e+00,4.838571246985219787e+00
-8.804125104789946032e-01,-3.024285926849386019e+00
-5.176170782515965740e+00,-1.204820264011604136e+00
-4.833719660864533196e+00,-6.744152638096839070e+00
-8.654660957269255661e+00,5.666904515198524450e+00
-7.306934477435159891e+00,3.548144547926507908e+00
-8.308890702772439241e+00,5.103816259621044793e+00
-4.757371266457071535e+00,-6.551309718107724223e+00
-5.086699697815549648e+00,-8.691132896659798490e+00
-5.272590634615979432e+00,-9.713121186907230253e+00
-5.981016064037833146e+00,5.579046627727618501e-01
-8.479289473697502189e+00,5.390614181608807343e+00
-4.828173345065497557e+00,-7.310255922009186946e+00
-4.905753453957061971e+00,-3.635793335161816131e+00
-6.217018300963902178e+00,1.351202618729587579e+00
2.513950742820461492e+00,-1.358281937922707128e+00
-4.761505217070357787e+00,-5.478003308418179174e+00
-8.441004626433398883e+00,5.323894194590213402e+00
-5.173522006060488287e+00,-9.159941295849812093e+00
-5.219613281037237762e+00,-9.495776649731983099e+00
1.205236993253798516e+01,1.046822852554627759e-01
1.613001105807924418e+01,5.753128209054817477e-01
-8.533295245802834827e+00,5.480959465926490637e+00
-4.835068060126257450e+00,-7.632002995450840821e+00
-8.277574973014491633e+00,5.061641110420094236e+00
-5.324629167556259368e+00,-9.933437496775869846e+00
-4.851562068580800968e+00,-4.298271438658955113e+00
-6.007433134057897028e+00,6.606997786089778835e-01
-6.097044896404910652e+00,9.750167972784341552e-01
-5.065589208475763883e+00,-2.962266805351267518e+00
-5.180300152224907251e+00,-9.271919695861024380e+00
-4.952454613588717081e+00,-2.946099837603789240e+00
-4.918552601014225978e+00,-3.592924717283014768e+00
-4.801747227044114830e+00,-6.568174177805930825e+00
-6.639175088068666852e+00,2.151916799484915543e+00
-5.260052082767070480e+00,-9.652242593781098279e+00
-5.119445717427920428e+00,-8.867363915292465038e+00
-8.414040101364795632e+00,5.290514140014309419e+00
-8.170208393437880190e+00,4.971194735427729050e+00
-5.210087106719329064e+00,-2.073130131716868885e+00
-7.348238703269131200e+00,3.567822749037693697e+00
-5.448983224647117041e+00,-8.687493115331460514e-01
-8.548400252904274410e+00,5.502240688586474526e+00
-8.633669768839560277e+00,5.633832068795564751e+00
-5.145749312601054726e+00,-9.222622410203229038e+00
-4.829159900814059547e+00,-3.954865863905079770e+00
-4.854822638410539071e+00,-3.670553014313158169e+00
-5.568682763127190682e+00,-4.216083842462672315e-01
-6.776481855284543165e+00,2.317050620741276212e+00
-8.485227674057760794e+00,5.405163478236065799e+00
-6.044753592964974054e+00,7.601208550612194026e-01
2.877820722434548895e+00,-1.055264181204028207e+00
-8.613013873130993758e+00,5.599768493509403200e+00
-4.886672309325278185e+00,-3.945347850907489740e+00
-4.945659108099592416e+00,-3.859813188918797433e+00
-5.513339204424492657e+00,-3.953640006150357378e-01
-7.779139858250949224e+00,4.244004097314200585e+00
-5.320497486856823777e+00,-1.329122530977354222e+00
-8.431295680412942417e+00,5.313211638577010731e+00
-4.854569603322048010e+00,-4.705557460273274373e+00
-6.975495852322243451e+00,2.907565445174479013e+00
-5.203632632782968948e+00,-9.391655785382770461e+00
-5.305895833111331505e+00,-9.844205248410355935e+00
-5.837208872780722757e+00,2.283216972055778782e-01
-5.863950038050663061e+00,4.359567252527964398e-01
-8.029783862702702280e+00,4.658066640347364284e+00
1.910049672194941195e+01,9.615752182416834604e-01
-5.230331971559142090e+00,-9.541856085622997696e+00
-5.910378704645308012e+00,3.959627576954490857e-01
-6.945655554708668689e+00,2.661152831126144758e+00
-5.257603494047167203e+00,-1.283432816875480276e+00
-4.838684651125533698e+00,-3.808275535463583328e+00
1.526112063478831260e+01,4.708981654455394739e-01
-8.300134654914376853e+00,5.092207403763816309e+00
-8.666312449062299805e+00,5.685567904881499324e+00
-8.651687467287541011e+00,5.662020241903742424e+00
-5.828589754750982621e+00,1.445008081295247881e-01
-8.532922245794200222e+00,5.474140123142744230e+00
-4.427623844969966527e+00,-6.890330191821331773e+00
-5.320923203591487294e+00,-9.920798621936507189e+00
-8.559523067235044635e+00,5.517271709873210916e+00
-4.926807649782002585e+00,-3.839489442885315462e+00
2.381316194818526633e+00,-1.291473648696332743e+00
-5.015104322995775910e+00,-3.202731064183094833e+00
-6.728276020842759664e+00,2.491792273376844946e+00
-1.403053350831845014e+00,-3.265067766975194186e+00
-5.000399383638567841e+00,-3.520414247910993222e+00
-5.280383219733850275e+00,-9.728484679812693159e+00
-7.577200250931975134e+00,3.912024900627939061e+00
-7.223374897578764831e+00,3.173895136799845584e+00
-4.774211807415642994e+00,-4.840051887980525436e+00
-5.126754552101321138e+00,-3.049377569481368511e-01
-4.785302248320054019e+00,-7.890240873438854052e+00
-8.296635049216751767e+00,5.102766670707033825e+00
-5.287454352049919315e+00,-9.779033692235964637e+00
-5.235509321327739940e+00,-2.013101404823286256e+00
-1.972005852830425843e+00,-1.712190809901978028e+00
-4.878665974076005440e+00,-7.435817387819319002e+00
-4.834470749067445894e+00,-4.947315116115607481e+00
-8.508812916079346422e+00,5.435103182982685688e+00
-5.025973476621722114e+00,-8.514708451954344781e+00
-6.314521832716779137e+00,1.446113179867613008e+00
-7.755376776879194800e+00,4.208849588583801093e+00
-5.324255767509657566e+00,-9.934624735198006817e+00
-4.791781981115551758e+00,-6.783945283541392257e+00
-4.756679355453977465e+00,-5.681712418022891065e+00
-4.759878466597577074e+00,-3.743752692632666523e+00
-8.603456484326212461e+00,5.585053330575935782e+00
-5.276317021860458922e+00,-9.690728871915215592e+00
-5.438068214347720364e+00,-9.923476455226152293e-01
-5.805578156307741544e+00,1.811430390211932195e-01
-4.858211914679873900e+00,-3.661031269621044526e+00
-6.622939162515219635e+00,2.006307579932876894e+00
-5.117206837178841283e+00,-2.754081090048967617e+00
-7.032371385136721109e+00,2.987284446620757095e+00
-4.956995247219897927e+00,-3.688888778438646376e+00
-5.453619429422382758e+00,-5.825120822328878623e-01
7.247500165035691388e+00,-5.231769597814014405e-01
-4.778433106820299869e+00,-6.374742534071123679e+00
1.814848492441699790e+01,8.285522276349145399e-01
-7.849681278004994489e+00,4.386293922215359409e+00
-7.401600337849761679e+00,3.559467764131196255e+00
-7.199522654081301987e+00,3.339533941905008962e+00
-8.206488882517740890e+00,5.027505284022511844e+00
-5.041075596924270208e+00,-2.784339202892068599e+00
-6.371373805216907549e+00,2.891621884943898380e+00
-8.287252614152395225e+00,5.100664251714147390e+00
7.668779154117464358e+00,-4.681755654887179152e-01
-4.754139627545236557e+00,-7.917530697896494551e+00
-4.528528023213409526e+00,-6.680943191237167511e+00
-4.983484957545159411e+00,-8.037975855123940860e+00
-8.309709227878773419e+00,5.144335930104015020e+00
3.061792068824683577e-01,-1.597904721454559640e+00
-5.097510046689389895e+00,-2.786647260434004014e+00
1.960011143465490235e+01,1.036015282348265121e+00
7.705938413626704175e+00,-4.673605073942977417e-01
-4.804987318837884658e+00,-3.770803798389807948e+00
6.587976169932512338e-01,-1.850538004540359438e+00
-4.888297899501761634e+00,-4.203018107875800879e+00
-5.249336009526431646e+00,-6.815146857531199087e-01
-8.071700037893169366e+00,4.768345368050898259e+00
-5.007163477381143757e+00,-8.396343399188733514e+00
-4.703529327110006264e+00,-6.189561733450680059e+00
-5.911161647833915289e+00,7.156877667043006763e-01
1.909683161000606688e+01,9.619355041773260950e-01
5.907149462755154623e+00,-6.964920043647824244e-01
-5.467264942661647531e+00,-9.498270188125569335e-01
-5.285992389569296179e+00,-9.767948103640904378e+00
-4.825054302791178529e+00,-6.726054835862115944e+00
-5.285735687141646544e+00,-9.748846676084848895e+00
-4.859361963465039125e+00,-3.520903706239149944e+00
-4.844618172281661472e+00,-4.582792907096859381e+00
-5.582228248374070390e+00,-1.144970503458835331e-01
-5.159002933426180881e+00,-2.216868801149397328e+00
-7.581131995869332840e+00,4.054201299324533991e+00
-5.119224253170110650e+00,-2.678194598888275380e+00
-8.454731614128206729e+00,5.362339643592593852e+00
-5.266598435866803207e+00,-9.695651255452537143e+00
-4.791570468156199247e+00,-7.891444269103437215e+00
1.797488544006917266e+01,8.120793817112419433e-01
-8.545582448688611166e+00,5.495791638493879638e+00
-4.784755951700633503e+00,-5.264603203245538765e+00
-5.634262906782794289e+00,-2.679118768076980128e-01
-8.015439814666349250e+00,4.679652311532300324e+00
-8.523751392014149886e+00,5.466185467559369293e+00
1.728894491392637534e+01,7.203810768770890771e-01
1.160426356193853437e+01,2.587926954763646384e-02
-4.883738566650868584e+00,-3.718226897885921645e+00
2.146626815953191070e+01,1.307903984107877005e+00
1.550942923849515509e+01,5.005724326132654500e-01
-5.045570658086624860e+00,-3.027898159878279927e+00
-5.934754484935369945e+00,5.218511153348598386e-01
1.543643621114196485e+01,4.929606210612756390e-01
-7.224523464787607985e+00,3.408076642551093549e+00
-5.243364332331407418e+00,-9.570664282896597541e+00
-5.322534325128867039e+00,-9.927910442866446417e+00
-5.274883666653864545e+00,-9.732437887868721660e+00
-5.166025208212241537e+00,-2.101140039971506557e+00
-4.790452541429754518e+00,-4.384140954305550508e+00
-4.867292953251012300e+00,-3.997908844459184152e+00
-6.282141379641413614e+00,1.746131034323104236e+00
-4.708152378352330913e+00,-6.859531955058940866e+00
1.400081365398717637e+01,3.251945962569687265e-01
-8.454743734252661014e+00,5.346041827049576867e+00
-4.925525298317627865e+00,-3.737440741269272504e+00
-5.727426716753179825e+00,4.782009943627161808e-01
1.203263144040780297e+01,7.984940879784813150e-02
-5.062485901699553814e+00,-2.645354528768574465e+00
-8.175112661990141305e+00,4.889980410880149897e+00
-5.060725794120426002e+00,-2.770846150701411492e+00
-7.752035699406787828e+00,4.190794853214987015e+00
-7.650110098922771940e+00,4.041294530277065533e+00
-7.448865181670897506e+00,3.749128067014074528e+00
-1.515253586401530850e+00,-3.016613079967330524e+00
-2.191076228535688841e+00,-2.166391067182185548e+00
-7.830115591268195452e+00,4.322882249388801945e+00
-5.319778868677098593e+00,-9.912080749945284097e+00
-8.324679172086922208e+00,5.155251524253119833e+00
-6.909610401257515022e+00,2.687588957031398440e+00
-8.507840028331942861e+00,5.431816834731252541e+00
-2.018990527354046272e+00,-5.022217401677578907e-01
1.369255103716099775e+01,2.763405330039516161e-01
-4.848101793433336582e+00,-7.755093741606418511e+00
1.748564816998515425e+01,7.443363539308768262e-01
-3.596765542654207337e+00,-8.763460067709991641e-01
2.113219926724035602e+01,1.259039020174830270e+00
-5.281997109503620891e+00,-9.759635388924415622e+00
-6.414836757617851326e+00,1.629744695012938616e+00
-6.980073480564861654e+00,2.955765541834619814e+00
-7.383194132584962155e+00,3.603177788063762321e+00
-7.624485314867406771e+00,3.968635139156799330e+00
-6.365334909287449605e+00,2.003334061572173752e+00
-7.720153303098162390e+00,4.137036395487049489e+00
-6.856988685685580620e+00,2.650539164787053537e+00
-6.151876188073430285e+00,1.018650203189348291e+00
-4.850847406520585992e+00,-6.990222063713678047e-01
-8.036806354950948972e+00,4.725304928420573702e+00
-8.466552646369686741e+00,5.365699370098440113e+00
-5.184976892656472991e+00,-2.229799921682378727e+00
-5.320151167364686629e+00,-9.916616547237618207e+00
-4.626014539771182044e+00,-5.003254356942104408e+00
-8.162773768668289520e+00,4.867122467387118512e+00
-5.223616340558075777e+00,-2.107205811166385612e+00
-7.999612019735043766e+00,4.594948318601610460e+00
-4.901024517427697624e+00,-3.454778249600733986e+00
-4.550129589574299693e+00,-5.207660761286103224e+00
1.863110233212189826e+01,8.985914010463946777e-01
-8.289838927362813692e+00,5.078784810172291664e+00
-6.483391712257591699e+00,2.087344586507738242e+00
-5.155809253414745719e+00,-1.727982924071596260e+00
-7.063607484342418807e+00,3.059518384417493131e+00
-7.930487381394419444e+00,4.509888356125398623e+00
2.120076195595886404e+01,1.268891337366175431e+00
-5.385270870556016831e+00,-1.261435362581223130e+00
-6.959295822103821472e+00,2.787913169661631940e+00
-6.080867319931035020e+00,8.086347069225187090e-01
-4.906153510240035764e+00,-8.224425372941478685e+00
-5.069484561571810488e+00,-8.920747086976586360e+00
-4.823121471175556785e+00,-4.644333555215829357e+00
-7.192863818241274743e+00,3.253124404774614842e+00
-7.587769734810948741e+00,3.949246178612535463e+00
